<?xml version="1.0" encoding="UTF-8"?><?xml-stylesheet type='text/xsl' href='_UpgradeReport_Files/UpgradeReport.xslt'?><UpgradeLog>
<Properties><Property Name="Solution" Value="AbstractFactoryDemoCS">
</Property><Property Name="Solution File" Value="D:\MyWorks\MyTraining\Corporate\Schneider04\AbstractFactoryDemoCS\AbstractFactoryDemoCS.sln">
</Property><Property Name="User Options File" Value="D:\MyWorks\MyTraining\Corporate\Schneider04\AbstractFactoryDemoCS\AbstractFactoryDemoCS.suo">
</Property><Property Name="Date" Value="19 November 2012">
</Property><Property Name="Time" Value="12:28">
</Property></Properties><Event ErrorLevel="0" Project="" Source="AbstractFactoryDemoCS.sln" Description="File successfully backed up as D:\MyWorks\MyTraining\Corporate\Schneider04\AbstractFactoryDemoCS\Backup\AbstractFactoryDemoCS.sln">
</Event><Event ErrorLevel="0" Project="" Source="AbstractFactoryDemoCS.suo" Description="File successfully backed up as D:\MyWorks\MyTraining\Corporate\Schneider04\AbstractFactoryDemoCS\Backup\AbstractFactoryDemoCS.suo">
</Event><Event ErrorLevel="0" Project="ConceptArchitect.UI.Core" Source="ConceptArchitect.UI.Core\ConceptArchitect.UI.Core.csproj" Description="Project file successfully backed up as D:\MyWorks\MyTraining\Corporate\Schneider04\AbstractFactoryDemoCS\Backup\ConceptArchitect.UI.Core\ConceptArchitect.UI.Core.csproj">
</Event><Event ErrorLevel="0" Project="ConceptArchitect.UI.Core" Source="ConceptArchitect.UI.Core\Components.cs" Description="File successfully backed up as D:\MyWorks\MyTraining\Corporate\Schneider04\AbstractFactoryDemoCS\Backup\ConceptArchitect.UI.Core\Components.cs">
</Event><Event ErrorLevel="0" Project="ConceptArchitect.UI.Core" Source="ConceptArchitect.UI.Core\UIButton.cs" Description="File successfully backed up as D:\MyWorks\MyTraining\Corporate\Schneider04\AbstractFactoryDemoCS\Backup\ConceptArchitect.UI.Core\UIButton.cs">
</Event><Event ErrorLevel="0" Project="ConceptArchitect.UI.Core" Source="ConceptArchitect.UI.Core\UIComponent.cs" Description="File successfully backed up as D:\MyWorks\MyTraining\Corporate\Schneider04\AbstractFactoryDemoCS\Backup\ConceptArchitect.UI.Core\UIComponent.cs">
</Event><Event ErrorLevel="0" Project="ConceptArchitect.UI.Core" Source="ConceptArchitect.UI.Core\Properties\AssemblyInfo.cs" Description="File successfully backed up as D:\MyWorks\MyTraining\Corporate\Schneider04\AbstractFactoryDemoCS\Backup\ConceptArchitect.UI.Core\Properties\AssemblyInfo.cs">
</Event><Event ErrorLevel="0" Project="ConceptArchitect.UI.Core" Source="ConceptArchitect.UI.Core\UIContainer.cs" Description="File successfully backed up as D:\MyWorks\MyTraining\Corporate\Schneider04\AbstractFactoryDemoCS\Backup\ConceptArchitect.UI.Core\UIContainer.cs">
</Event><Event ErrorLevel="0" Project="ConceptArchitect.UI.Core" Source="ConceptArchitect.UI.Core\UIFactories.cs" Description="File successfully backed up as D:\MyWorks\MyTraining\Corporate\Schneider04\AbstractFactoryDemoCS\Backup\ConceptArchitect.UI.Core\UIFactories.cs">
</Event><Event ErrorLevel="0" Project="ConceptArchitect.UI.Core" Source="ConceptArchitect.UI.Core\UIFactory.cs" Description="File successfully backed up as D:\MyWorks\MyTraining\Corporate\Schneider04\AbstractFactoryDemoCS\Backup\ConceptArchitect.UI.Core\UIFactory.cs">
</Event><Event ErrorLevel="0" Project="ConceptArchitect.UI.Core" Source="ConceptArchitect.UI.Core\UIForm.cs" Description="File successfully backed up as D:\MyWorks\MyTraining\Corporate\Schneider04\AbstractFactoryDemoCS\Backup\ConceptArchitect.UI.Core\UIForm.cs">
</Event><Event ErrorLevel="0" Project="ConceptArchitect.UI.Core" Source="ConceptArchitect.UI.Core\UIPanel.cs" Description="File successfully backed up as D:\MyWorks\MyTraining\Corporate\Schneider04\AbstractFactoryDemoCS\Backup\ConceptArchitect.UI.Core\UIPanel.cs">
</Event><Event ErrorLevel="0" Project="ConceptArchitect.UI.Core" Source="ConceptArchitect.UI.Core\UITextBox.cs" Description="File successfully backed up as D:\MyWorks\MyTraining\Corporate\Schneider04\AbstractFactoryDemoCS\Backup\ConceptArchitect.UI.Core\UITextBox.cs">
</Event><Event ErrorLevel="1" Project="ConceptArchitect.UI.Core" Source="ConceptArchitect.UI.Core\ConceptArchitect.UI.Core.csproj" Description="Your project is targeting .NET Framework 2.0 or 3.0. If your project uses assemblies requiring a newer .NET Framework, your project will fail to build. You can change the .NET Framework version by clicking Properties on the project menu and then selecting a new version in the '.NET Framework' dropdown box. (In Visual Basic, this is located on the Compile tab by clicking the 'Advanced Compiler Options...' button.)">
</Event><Event ErrorLevel="0" Project="ConceptArchitect.UI.Core" Source="ConceptArchitect.UI.Core\ConceptArchitect.UI.Core.csproj" Description="Project converted successfully">
</Event><Event ErrorLevel="3" Project="ConceptArchitect.UI.Core" Source="ConceptArchitect.UI.Core\ConceptArchitect.UI.Core.csproj" Description="Converted">
</Event><Event ErrorLevel="0" Project="ConceptArchitect.UI.Metal" Source="ConceptArchitect.UI.Metal\ConceptArchitect.UI.Metal.csproj" Description="Project file successfully backed up as D:\MyWorks\MyTraining\Corporate\Schneider04\AbstractFactoryDemoCS\Backup\ConceptArchitect.UI.Metal\ConceptArchitect.UI.Metal.csproj">
</Event><Event ErrorLevel="0" Project="ConceptArchitect.UI.Metal" Source="ConceptArchitect.UI.Metal\Components.cs" Description="File successfully backed up as D:\MyWorks\MyTraining\Corporate\Schneider04\AbstractFactoryDemoCS\Backup\ConceptArchitect.UI.Metal\Components.cs">
</Event><Event ErrorLevel="0" Project="ConceptArchitect.UI.Metal" Source="ConceptArchitect.UI.Metal\Properties\AssemblyInfo.cs" Description="File successfully backed up as D:\MyWorks\MyTraining\Corporate\Schneider04\AbstractFactoryDemoCS\Backup\ConceptArchitect.UI.Metal\Properties\AssemblyInfo.cs">
</Event><Event ErrorLevel="1" Project="ConceptArchitect.UI.Metal" Source="ConceptArchitect.UI.Metal\ConceptArchitect.UI.Metal.csproj" Description="Your project is targeting .NET Framework 2.0 or 3.0. If your project uses assemblies requiring a newer .NET Framework, your project will fail to build. You can change the .NET Framework version by clicking Properties on the project menu and then selecting a new version in the '.NET Framework' dropdown box. (In Visual Basic, this is located on the Compile tab by clicking the 'Advanced Compiler Options...' button.)">
</Event><Event ErrorLevel="0" Project="ConceptArchitect.UI.Metal" Source="ConceptArchitect.UI.Metal\ConceptArchitect.UI.Metal.csproj" Description="Project converted successfully">
</Event><Event ErrorLevel="3" Project="ConceptArchitect.UI.Metal" Source="ConceptArchitect.UI.Metal\ConceptArchitect.UI.Metal.csproj" Description="Converted">
</Event><Event ErrorLevel="0" Project="ConceptArchitect.UI.Wood" Source="ConceptArchitect.UI.Wood\ConceptArchitect.UI.Wood.csproj" Description="Project file successfully backed up as D:\MyWorks\MyTraining\Corporate\Schneider04\AbstractFactoryDemoCS\Backup\ConceptArchitect.UI.Wood\ConceptArchitect.UI.Wood.csproj">
</Event><Event ErrorLevel="0" Project="ConceptArchitect.UI.Wood" Source="ConceptArchitect.UI.Wood\Components.cs" Description="File successfully backed up as D:\MyWorks\MyTraining\Corporate\Schneider04\AbstractFactoryDemoCS\Backup\ConceptArchitect.UI.Wood\Components.cs">
</Event><Event ErrorLevel="0" Project="ConceptArchitect.UI.Wood" Source="ConceptArchitect.UI.Wood\Properties\AssemblyInfo.cs" Description="File successfully backed up as D:\MyWorks\MyTraining\Corporate\Schneider04\AbstractFactoryDemoCS\Backup\ConceptArchitect.UI.Wood\Properties\AssemblyInfo.cs">
</Event><Event ErrorLevel="1" Project="ConceptArchitect.UI.Wood" Source="ConceptArchitect.UI.Wood\ConceptArchitect.UI.Wood.csproj" Description="Your project is targeting .NET Framework 2.0 or 3.0. If your project uses assemblies requiring a newer .NET Framework, your project will fail to build. You can change the .NET Framework version by clicking Properties on the project menu and then selecting a new version in the '.NET Framework' dropdown box. (In Visual Basic, this is located on the Compile tab by clicking the 'Advanced Compiler Options...' button.)">
</Event><Event ErrorLevel="0" Project="ConceptArchitect.UI.Wood" Source="ConceptArchitect.UI.Wood\ConceptArchitect.UI.Wood.csproj" Description="Project converted successfully">
</Event><Event ErrorLevel="3" Project="ConceptArchitect.UI.Wood" Source="ConceptArchitect.UI.Wood\ConceptArchitect.UI.Wood.csproj" Description="Converted">
</Event><Event ErrorLevel="0" Project="UIClient" Source="UIClient\UIClient.csproj" Description="Project file successfully backed up as D:\MyWorks\MyTraining\Corporate\Schneider04\AbstractFactoryDemoCS\Backup\UIClient\UIClient.csproj">
</Event><Event ErrorLevel="0" Project="UIClient" Source="UIClient\Program.cs" Description="File successfully backed up as D:\MyWorks\MyTraining\Corporate\Schneider04\AbstractFactoryDemoCS\Backup\UIClient\Program.cs">
</Event><Event ErrorLevel="0" Project="UIClient" Source="UIClient\Properties\AssemblyInfo.cs" Description="File successfully backed up as D:\MyWorks\MyTraining\Corporate\Schneider04\AbstractFactoryDemoCS\Backup\UIClient\Properties\AssemblyInfo.cs">
</Event><Event ErrorLevel="0" Project="UIClient" Source="UIClient\UIBuilder.cs" Description="File successfully backed up as D:\MyWorks\MyTraining\Corporate\Schneider04\AbstractFactoryDemoCS\Backup\UIClient\UIBuilder.cs">
</Event><Event ErrorLevel="0" Project="UIClient" Source="UIClient\App.config" Description="File successfully backed up as D:\MyWorks\MyTraining\Corporate\Schneider04\AbstractFactoryDemoCS\Backup\UIClient\App.config">
</Event><Event ErrorLevel="1" Project="UIClient" Source="UIClient\UIClient.csproj" Description="Your project is targeting .NET Framework 2.0 or 3.0. If your project uses assemblies requiring a newer .NET Framework, your project will fail to build. You can change the .NET Framework version by clicking Properties on the project menu and then selecting a new version in the '.NET Framework' dropdown box. (In Visual Basic, this is located on the Compile tab by clicking the 'Advanced Compiler Options...' button.)">
</Event><Event ErrorLevel="0" Project="UIClient" Source="UIClient\UIClient.csproj" Description="Project converted successfully">
</Event><Event ErrorLevel="3" Project="UIClient" Source="UIClient\UIClient.csproj" Description="Converted">
</Event><Event ErrorLevel="0" Project="ThirdCompany.UI.Design.Rubber" Source="ThirdCompany.UI.Design.Rubber\ThirdCompany.UI.Design.Rubber.csproj" Description="Project file successfully backed up as D:\MyWorks\MyTraining\Corporate\Schneider04\AbstractFactoryDemoCS\Backup\ThirdCompany.UI.Design.Rubber\ThirdCompany.UI.Design.Rubber.csproj">
</Event><Event ErrorLevel="0" Project="ThirdCompany.UI.Design.Rubber" Source="ThirdCompany.UI.Design.Rubber\Components.cs" Description="File successfully backed up as D:\MyWorks\MyTraining\Corporate\Schneider04\AbstractFactoryDemoCS\Backup\ThirdCompany.UI.Design.Rubber\Components.cs">
</Event><Event ErrorLevel="0" Project="ThirdCompany.UI.Design.Rubber" Source="ThirdCompany.UI.Design.Rubber\Properties\AssemblyInfo.cs" Description="File successfully backed up as D:\MyWorks\MyTraining\Corporate\Schneider04\AbstractFactoryDemoCS\Backup\ThirdCompany.UI.Design.Rubber\Properties\AssemblyInfo.cs">
</Event><Event ErrorLevel="1" Project="ThirdCompany.UI.Design.Rubber" Source="ThirdCompany.UI.Design.Rubber\ThirdCompany.UI.Design.Rubber.csproj" Description="Your project is targeting .NET Framework 2.0 or 3.0. If your project uses assemblies requiring a newer .NET Framework, your project will fail to build. You can change the .NET Framework version by clicking Properties on the project menu and then selecting a new version in the '.NET Framework' dropdown box. (In Visual Basic, this is located on the Compile tab by clicking the 'Advanced Compiler Options...' button.)">
</Event><Event ErrorLevel="0" Project="ThirdCompany.UI.Design.Rubber" Source="ThirdCompany.UI.Design.Rubber\ThirdCompany.UI.Design.Rubber.csproj" Description="Project converted successfully">
</Event><Event ErrorLevel="3" Project="ThirdCompany.UI.Design.Rubber" Source="ThirdCompany.UI.Design.Rubber\ThirdCompany.UI.Design.Rubber.csproj" Description="Converted">
</Event><Event ErrorLevel="0" Project="UIClient2" Source="UIClient2\UIClient2.csproj" Description="Project file successfully backed up as D:\MyWorks\MyTraining\Corporate\Schneider04\AbstractFactoryDemoCS\Backup\UIClient2\UIClient2.csproj">
</Event><Event ErrorLevel="0" Project="UIClient2" Source="UIClient2\Program.cs" Description="File successfully backed up as D:\MyWorks\MyTraining\Corporate\Schneider04\AbstractFactoryDemoCS\Backup\UIClient2\Program.cs">
</Event><Event ErrorLevel="0" Project="UIClient2" Source="UIClient2\Properties\AssemblyInfo.cs" Description="File successfully backed up as D:\MyWorks\MyTraining\Corporate\Schneider04\AbstractFactoryDemoCS\Backup\UIClient2\Properties\AssemblyInfo.cs">
</Event><Event ErrorLevel="0" Project="UIClient2" Source="UIClient2\UIBuilder.cs" Description="File successfully backed up as D:\MyWorks\MyTraining\Corporate\Schneider04\AbstractFactoryDemoCS\Backup\UIClient2\UIBuilder.cs">
</Event><Event ErrorLevel="0" Project="UIClient2" Source="UIClient2\App.config" Description="File successfully backed up as D:\MyWorks\MyTraining\Corporate\Schneider04\AbstractFactoryDemoCS\Backup\UIClient2\App.config">
</Event><Event ErrorLevel="1" Project="UIClient2" Source="UIClient2\UIClient2.csproj" Description="Your project is targeting .NET Framework 2.0 or 3.0. If your project uses assemblies requiring a newer .NET Framework, your project will fail to build. You can change the .NET Framework version by clicking Properties on the project menu and then selecting a new version in the '.NET Framework' dropdown box. (In Visual Basic, this is located on the Compile tab by clicking the 'Advanced Compiler Options...' button.)">
</Event><Event ErrorLevel="0" Project="UIClient2" Source="UIClient2\UIClient2.csproj" Description="Project converted successfully">
</Event><Event ErrorLevel="3" Project="UIClient2" Source="UIClient2\UIClient2.csproj" Description="Converted">
</Event><Event ErrorLevel="0" Project="" Source="AbstractFactoryDemoCS.sln" Description="Solution converted successfully">
</Event><Event ErrorLevel="3" Project="" Source="AbstractFactoryDemoCS.sln" Description="Converted">
</Event><Event ErrorLevel="0" Project="ConceptArchitect.UI.Core" Source="ConceptArchitect.UI.Core\ConceptArchitect.UI.Core.csproj" Description="Scan complete: Upgrade not required for project files.">
</Event><Event ErrorLevel="0" Project="ConceptArchitect.UI.Metal" Source="ConceptArchitect.UI.Metal\ConceptArchitect.UI.Metal.csproj" Description="Scan complete: Upgrade not required for project files.">
</Event><Event ErrorLevel="0" Project="ConceptArchitect.UI.Wood" Source="ConceptArchitect.UI.Wood\ConceptArchitect.UI.Wood.csproj" Description="Scan complete: Upgrade not required for project files.">
</Event><Event ErrorLevel="0" Project="UIClient" Source="UIClient\UIClient.csproj" Description="Scan complete: Upgrade not required for project files.">
</Event><Event ErrorLevel="0" Project="ThirdCompany.UI.Design.Rubber" Source="ThirdCompany.UI.Design.Rubber\ThirdCompany.UI.Design.Rubber.csproj" Description="Scan complete: Upgrade not required for project files.">
</Event></UpgradeLog>